year,seed,variable_resource_cost_gbp,demand_mwh,unserved_mwh,scarcity_hours,emissions_t,renewable_curtailment_mwh,balance_max_mw,storage_residual_max_mwh,mean_price_gbp_per_mwh,consumer_energy_payment_gbp,fixed_cost_gbp,capacity_payment_gbp,solve_seconds,capacity_gas_mw,capacity_peaker_mw,capacity_wind_mw,capacity_solar_mw,design
2026,101,38359286007.12114,219000000.00000003,4307382.136466298,2294.285714285715,54489275.12116338,0.0,3.637978807091713e-12,2.2737367544323206e-13,1788.0952380952378,404198493793.14526,1040000000.0,0.0,0.16180579992942512,17000.0,3000.0,12000.0,9000.0,energy_only
2027,101,26448155348.91569,224475000.0,2230855.97340292,1564.2857142857142,56369462.36063866,0.0,3.637978807091713e-12,2.2737367544323206e-13,1301.4285714285716,308276337204.3718,1084000000.0,0.0,0.18815139995422214,17000.0,4600.0,12000.0,11000.0,energy_only
2028,101,12807225955.337568,230086874.99999997,49522.45559870923,104.28571428571429,54263898.79676504,0.0,3.637978807091713e-12,2.2737367544323206e-13,178.80952380952385,42406850488.86029,1229250000.0,0.0,0.16348589991685003,18250.0,6200.0,13750.0,13000.0,energy_only
2029,101,13341493188.522955,235839046.87499994,138722.95413722759,208.57142857142858,53352281.07633323,0.0,3.637978807091713e-12,2.2737367544323206e-13,254.28571428571436,61304257962.658455,1299500000.0,0.0,0.17658110009506345,16500.0,7800.0,15500.0,15000.0,energy_only
2030,101,11704419137.054274,241735023.04687494,0.0,0.0,50312022.91963837,0.0,3.637978807091713e-12,2.2737367544323206e-13,109.99999999999994,26954545308.543793,1444750000.0,0.0,0.16077660000883043,17750.0,9400.0,17250.0,17000.0,energy_only
2031,101,10982104448.58725,247778398.62304682,0.0,0.0,47496399.81815246,0.0,3.637978807091713e-12,2.2737367544323206e-13,103.39732555071885,26001445874.647102,1590000000.0,0.0,0.15410370007157326,19000.0,11000.0,19000.0,19000.0,energy_only
2026,101,38359286007.12114,219000000.00000003,4307382.136466298,2294.285714285715,54489275.12116338,0.0,3.637978807091713e-12,2.2737367544323206e-13,1788.0952380952378,404198493793.14526,1040000000.0,1539000000.0,0.1560302999569103,17000.0,3000.0,12000.0,9000.0,stylised_capacity_payment
2027,101,26448155348.91569,224475000.0,2230855.97340292,1564.2857142857142,56369462.36063866,0.0,3.637978807091713e-12,2.2737367544323206e-13,1301.4285714285716,308276337204.3718,1084000000.0,1659000000.0,0.16700480005238205,17000.0,4600.0,12000.0,11000.0,stylised_capacity_payment
2028,101,12807225955.337568,230086874.99999997,49522.45559870923,104.28571428571429,54263898.79676504,0.0,3.637978807091713e-12,2.2737367544323206e-13,178.80952380952385,42406850488.86029,1229250000.0,1883062500.0,0.16208639997057617,18250.0,6200.0,13750.0,13000.0,stylised_capacity_payment
2029,101,13341493188.522955,235839046.87499994,138722.95413722759,208.57142857142858,53352281.07633323,0.0,3.637978807091713e-12,2.2737367544323206e-13,254.28571428571436,61304257962.658455,1299500000.0,1904625000.0,0.15123509999830276,16500.0,7800.0,15500.0,15000.0,stylised_capacity_payment
2030,101,11704419137.054274,241735023.04687494,0.0,0.0,50312022.91963837,0.0,3.637978807091713e-12,2.2737367544323206e-13,109.99999999999994,26954545308.543793,1444750000.0,2128687500.0,0.16134720004629344,17750.0,9400.0,17250.0,17000.0,stylised_capacity_payment
2031,101,10982104448.58725,247778398.62304682,0.0,0.0,47496399.81815246,0.0,3.637978807091713e-12,2.2737367544323206e-13,103.39732555071885,26001445874.647102,1590000000.0,2352750000.0,0.1638027000008151,19000.0,11000.0,19000.0,19000.0,stylised_capacity_payment
2026,102,38359286007.12114,219000000.00000003,4307382.136466298,2294.285714285715,54489275.12116338,0.0,3.637978807091713e-12,2.2737367544323206e-13,1788.0952380952378,404198493793.14526,1040000000.0,0.0,0.1558416000334546,17000.0,3000.0,12000.0,9000.0,energy_only
2027,102,26448155348.91569,224475000.0,2230855.97340292,1564.2857142857142,56369462.36063866,0.0,3.637978807091713e-12,2.2737367544323206e-13,1301.4285714285716,308276337204.3718,1084000000.0,0.0,0.15716030006296933,17000.0,4600.0,12000.0,11000.0,energy_only
2028,102,12807225955.337568,230086874.99999997,49522.45559870923,104.28571428571429,54263898.79676504,0.0,3.637978807091713e-12,2.2737367544323206e-13,178.80952380952385,42406850488.86029,1229250000.0,0.0,0.23580579995177686,18250.0,6200.0,13750.0,13000.0,energy_only
2029,102,13341493188.522955,235839046.87499994,138722.95413722759,208.57142857142858,53352281.07633323,0.0,3.637978807091713e-12,2.2737367544323206e-13,254.28571428571436,61304257962.658455,1299500000.0,0.0,0.17399809998460114,16500.0,7800.0,15500.0,15000.0,energy_only
2030,102,11704419137.054274,241735023.04687494,0.0,0.0,50312022.91963837,0.0,3.637978807091713e-12,2.2737367544323206e-13,109.99999999999994,26954545308.543793,1444750000.0,0.0,0.1587466000346467,17750.0,9400.0,17250.0,17000.0,energy_only
2031,102,10982104448.58725,247778398.62304682,0.0,0.0,47496399.81815246,0.0,3.637978807091713e-12,2.2737367544323206e-13,103.39732555071885,26001445874.647102,1590000000.0,0.0,0.16688750009052455,19000.0,11000.0,19000.0,19000.0,energy_only
2026,102,38359286007.12114,219000000.00000003,4307382.136466298,2294.285714285715,54489275.12116338,0.0,3.637978807091713e-12,2.2737367544323206e-13,1788.0952380952378,404198493793.14526,1040000000.0,1539000000.0,0.24735040008090436,17000.0,3000.0,12000.0,9000.0,stylised_capacity_payment
2027,102,26448155348.91569,224475000.0,2230855.97340292,1564.2857142857142,56369462.36063866,0.0,3.637978807091713e-12,2.2737367544323206e-13,1301.4285714285716,308276337204.3718,1084000000.0,1659000000.0,0.16141080006491393,17000.0,4600.0,12000.0,11000.0,stylised_capacity_payment
2028,102,12807225955.337568,230086874.99999997,49522.45559870923,104.28571428571429,54263898.79676504,0.0,3.637978807091713e-12,2.2737367544323206e-13,178.80952380952385,42406850488.86029,1229250000.0,1883062500.0,0.16545590001624078,18250.0,6200.0,13750.0,13000.0,stylised_capacity_payment
2029,102,13341493188.522955,235839046.87499994,138722.95413722759,208.57142857142858,53352281.07633323,0.0,3.637978807091713e-12,2.2737367544323206e-13,254.28571428571436,61304257962.658455,1299500000.0,1904625000.0,0.15557850000914186,16500.0,7800.0,15500.0,15000.0,stylised_capacity_payment
2030,102,11704419137.054274,241735023.04687494,0.0,0.0,50312022.91963837,0.0,3.637978807091713e-12,2.2737367544323206e-13,109.99999999999994,26954545308.543793,1444750000.0,2128687500.0,0.23305729997809976,17750.0,9400.0,17250.0,17000.0,stylised_capacity_payment
2031,102,10982104448.58725,247778398.62304682,0.0,0.0,47496399.81815246,0.0,3.637978807091713e-12,2.2737367544323206e-13,103.39732555071885,26001445874.647102,1590000000.0,2352750000.0,0.16629439999815077,19000.0,11000.0,19000.0,19000.0,stylised_capacity_payment
2026,103,38359286007.12114,219000000.00000003,4307382.136466298,2294.285714285715,54489275.12116338,0.0,3.637978807091713e-12,2.2737367544323206e-13,1788.0952380952378,404198493793.14526,1040000000.0,0.0,0.17602999997325242,17000.0,3000.0,12000.0,9000.0,energy_only
2027,103,26448155348.91569,224475000.0,2230855.97340292,1564.2857142857142,56369462.36063866,0.0,3.637978807091713e-12,2.2737367544323206e-13,1301.4285714285716,308276337204.3718,1084000000.0,0.0,0.16482959990389645,17000.0,4600.0,12000.0,11000.0,energy_only
2028,103,12807225955.337568,230086874.99999997,49522.45559870923,104.28571428571429,54263898.79676504,0.0,3.637978807091713e-12,2.2737367544323206e-13,178.80952380952385,42406850488.86029,1229250000.0,0.0,0.16115189995616674,18250.0,6200.0,13750.0,13000.0,energy_only
2029,103,13341493188.522955,235839046.87499994,138722.95413722759,208.57142857142858,53352281.07633323,0.0,3.637978807091713e-12,2.2737367544323206e-13,254.28571428571436,61304257962.658455,1299500000.0,0.0,0.1721726000541821,16500.0,7800.0,15500.0,15000.0,energy_only
2030,103,11704419137.054274,241735023.04687494,0.0,0.0,50312022.91963837,0.0,3.637978807091713e-12,2.2737367544323206e-13,109.99999999999994,26954545308.543793,1444750000.0,0.0,0.1716396000701934,17750.0,9400.0,17250.0,17000.0,energy_only
2031,103,10982104448.58725,247778398.62304682,0.0,0.0,47496399.81815246,0.0,3.637978807091713e-12,2.2737367544323206e-13,103.39732555071885,26001445874.647102,1590000000.0,0.0,0.16404409997630864,19000.0,11000.0,19000.0,19000.0,energy_only
2026,103,38359286007.12114,219000000.00000003,4307382.136466298,2294.285714285715,54489275.12116338,0.0,3.637978807091713e-12,2.2737367544323206e-13,1788.0952380952378,404198493793.14526,1040000000.0,1539000000.0,0.16907920001540333,17000.0,3000.0,12000.0,9000.0,stylised_capacity_payment
2027,103,26448155348.91569,224475000.0,2230855.97340292,1564.2857142857142,56369462.36063866,0.0,3.637978807091713e-12,2.2737367544323206e-13,1301.4285714285716,308276337204.3718,1084000000.0,1659000000.0,0.16095639998093247,17000.0,4600.0,12000.0,11000.0,stylised_capacity_payment
2028,103,12807225955.337568,230086874.99999997,49522.45559870923,104.28571428571429,54263898.79676504,0.0,3.637978807091713e-12,2.2737367544323206e-13,178.80952380952385,42406850488.86029,1229250000.0,1883062500.0,0.16911170003004372,18250.0,6200.0,13750.0,13000.0,stylised_capacity_payment
2029,103,13341493188.522955,235839046.87499994,138722.95413722759,208.57142857142858,53352281.07633323,0.0,3.637978807091713e-12,2.2737367544323206e-13,254.28571428571436,61304257962.658455,1299500000.0,1904625000.0,0.2390765999443829,16500.0,7800.0,15500.0,15000.0,stylised_capacity_payment
2030,103,11704419137.054274,241735023.04687494,0.0,0.0,50312022.91963837,0.0,3.637978807091713e-12,2.2737367544323206e-13,109.99999999999994,26954545308.543793,1444750000.0,2128687500.0,0.17101990000810474,17750.0,9400.0,17250.0,17000.0,stylised_capacity_payment
2031,103,10982104448.58725,247778398.62304682,0.0,0.0,47496399.81815246,0.0,3.637978807091713e-12,2.2737367544323206e-13,103.39732555071885,26001445874.647102,1590000000.0,2352750000.0,0.17043900000862777,19000.0,11000.0,19000.0,19000.0,stylised_capacity_payment
2026,104,38359286007.12114,219000000.00000003,4307382.136466298,2294.285714285715,54489275.12116338,0.0,3.637978807091713e-12,2.2737367544323206e-13,1788.0952380952378,404198493793.14526,1040000000.0,0.0,0.15539670002181083,17000.0,3000.0,12000.0,9000.0,energy_only
2027,104,26448155348.91569,224475000.0,2230855.97340292,1564.2857142857142,56369462.36063866,0.0,3.637978807091713e-12,2.2737367544323206e-13,1301.4285714285716,308276337204.3718,1084000000.0,0.0,0.2452332000248134,17000.0,4600.0,12000.0,11000.0,energy_only
2028,104,12807225955.337568,230086874.99999997,49522.45559870923,104.28571428571429,54263898.79676504,0.0,3.637978807091713e-12,2.2737367544323206e-13,178.80952380952385,42406850488.86029,1229250000.0,0.0,0.163134100032039,18250.0,6200.0,13750.0,13000.0,energy_only
2029,104,13341493188.522955,235839046.87499994,138722.95413722759,208.57142857142858,53352281.07633323,0.0,3.637978807091713e-12,2.2737367544323206e-13,254.28571428571436,61304257962.658455,1299500000.0,0.0,0.1667924999492243,16500.0,7800.0,15500.0,15000.0,energy_only
2030,104,11704419137.054274,241735023.04687494,0.0,0.0,50312022.91963837,0.0,3.637978807091713e-12,2.2737367544323206e-13,109.99999999999994,26954545308.543793,1444750000.0,0.0,0.16249409993179142,17750.0,9400.0,17250.0,17000.0,energy_only
2031,104,10982104448.58725,247778398.62304682,0.0,0.0,47496399.81815246,0.0,3.637978807091713e-12,2.2737367544323206e-13,103.39732555071885,26001445874.647102,1590000000.0,0.0,0.25146629998926073,19000.0,11000.0,19000.0,19000.0,energy_only
2026,104,38359286007.12114,219000000.00000003,4307382.136466298,2294.285714285715,54489275.12116338,0.0,3.637978807091713e-12,2.2737367544323206e-13,1788.0952380952378,404198493793.14526,1040000000.0,1539000000.0,0.16245489998254925,17000.0,3000.0,12000.0,9000.0,stylised_capacity_payment
2027,104,26448155348.91569,224475000.0,2230855.97340292,1564.2857142857142,56369462.36063866,0.0,3.637978807091713e-12,2.2737367544323206e-13,1301.4285714285716,308276337204.3718,1084000000.0,1659000000.0,0.15812149993143976,17000.0,4600.0,12000.0,11000.0,stylised_capacity_payment
2028,104,12807225955.337568,230086874.99999997,49522.45559870923,104.28571428571429,54263898.79676504,0.0,3.637978807091713e-12,2.2737367544323206e-13,178.80952380952385,42406850488.86029,1229250000.0,1883062500.0,0.1649133999599144,18250.0,6200.0,13750.0,13000.0,stylised_capacity_payment
2029,104,13341493188.522955,235839046.87499994,138722.95413722759,208.57142857142858,53352281.07633323,0.0,3.637978807091713e-12,2.2737367544323206e-13,254.28571428571436,61304257962.658455,1299500000.0,1904625000.0,0.16152780002448708,16500.0,7800.0,15500.0,15000.0,stylised_capacity_payment
2030,104,11704419137.054274,241735023.04687494,0.0,0.0,50312022.91963837,0.0,3.637978807091713e-12,2.2737367544323206e-13,109.99999999999994,26954545308.543793,1444750000.0,2128687500.0,0.15965759998653084,17750.0,9400.0,17250.0,17000.0,stylised_capacity_payment
2031,104,10982104448.58725,247778398.62304682,0.0,0.0,47496399.81815246,0.0,3.637978807091713e-12,2.2737367544323206e-13,103.39732555071885,26001445874.647102,1590000000.0,2352750000.0,0.17823089996818453,19000.0,11000.0,19000.0,19000.0,stylised_capacity_payment
2026,105,38359286007.12114,219000000.00000003,4307382.136466298,2294.285714285715,54489275.12116338,0.0,3.637978807091713e-12,2.2737367544323206e-13,1788.0952380952378,404198493793.14526,1040000000.0,0.0,0.17365279991645366,17000.0,3000.0,12000.0,9000.0,energy_only
2027,105,26448155348.91569,224475000.0,2230855.97340292,1564.2857142857142,56369462.36063866,0.0,3.637978807091713e-12,2.2737367544323206e-13,1301.4285714285716,308276337204.3718,1084000000.0,0.0,0.16412840003613383,17000.0,4600.0,12000.0,11000.0,energy_only
2028,105,12807225955.337568,230086874.99999997,49522.45559870923,104.28571428571429,54263898.79676504,0.0,3.637978807091713e-12,2.2737367544323206e-13,178.80952380952385,42406850488.86029,1229250000.0,0.0,0.1615062999771908,18250.0,6200.0,13750.0,13000.0,energy_only
2029,105,13341493188.522955,235839046.87499994,138722.95413722759,208.57142857142858,53352281.07633323,0.0,3.637978807091713e-12,2.2737367544323206e-13,254.28571428571436,61304257962.658455,1299500000.0,0.0,0.17607879999559373,16500.0,7800.0,15500.0,15000.0,energy_only
2030,105,11704419137.054274,241735023.04687494,0.0,0.0,50312022.91963837,0.0,3.637978807091713e-12,2.2737367544323206e-13,109.99999999999994,26954545308.543793,1444750000.0,0.0,0.16864889999851584,17750.0,9400.0,17250.0,17000.0,energy_only
2031,105,10982104448.58725,247778398.62304682,0.0,0.0,47496399.81815246,0.0,3.637978807091713e-12,2.2737367544323206e-13,103.39732555071885,26001445874.647102,1590000000.0,0.0,0.16604399995412678,19000.0,11000.0,19000.0,19000.0,energy_only
2026,105,38359286007.12114,219000000.00000003,4307382.136466298,2294.285714285715,54489275.12116338,0.0,3.637978807091713e-12,2.2737367544323206e-13,1788.0952380952378,404198493793.14526,1040000000.0,1539000000.0,0.1716652000322938,17000.0,3000.0,12000.0,9000.0,stylised_capacity_payment
2027,105,26448155348.91569,224475000.0,2230855.97340292,1564.2857142857142,56369462.36063866,0.0,3.637978807091713e-12,2.2737367544323206e-13,1301.4285714285716,308276337204.3718,1084000000.0,1659000000.0,0.16194560006260872,17000.0,4600.0,12000.0,11000.0,stylised_capacity_payment
2028,105,12807225955.337568,230086874.99999997,49522.45559870923,104.28571428571429,54263898.79676504,0.0,3.637978807091713e-12,2.2737367544323206e-13,178.80952380952385,42406850488.86029,1229250000.0,1883062500.0,0.25071579997893423,18250.0,6200.0,13750.0,13000.0,stylised_capacity_payment
2029,105,13341493188.522955,235839046.87499994,138722.95413722759,208.57142857142858,53352281.07633323,0.0,3.637978807091713e-12,2.2737367544323206e-13,254.28571428571436,61304257962.658455,1299500000.0,1904625000.0,0.16718619992025197,16500.0,7800.0,15500.0,15000.0,stylised_capacity_payment
2030,105,11704419137.054274,241735023.04687494,0.0,0.0,50312022.91963837,0.0,3.637978807091713e-12,2.2737367544323206e-13,109.99999999999994,26954545308.543793,1444750000.0,2128687500.0,0.16541299992240965,17750.0,9400.0,17250.0,17000.0,stylised_capacity_payment
2031,105,10982104448.58725,247778398.62304682,0.0,0.0,47496399.81815246,0.0,3.637978807091713e-12,2.2737367544323206e-13,103.39732555071885,26001445874.647102,1590000000.0,2352750000.0,0.1645940999733284,19000.0,11000.0,19000.0,19000.0,stylised_capacity_payment
2026,106,38359286007.12114,219000000.00000003,4307382.136466298,2294.285714285715,54489275.12116338,0.0,3.637978807091713e-12,2.2737367544323206e-13,1788.0952380952378,404198493793.14526,1040000000.0,0.0,0.2748480000300333,17000.0,3000.0,12000.0,9000.0,energy_only
2027,106,26448155348.91569,224475000.0,2230855.97340292,1564.2857142857142,56369462.36063866,0.0,3.637978807091713e-12,2.2737367544323206e-13,1301.4285714285716,308276337204.3718,1084000000.0,0.0,0.1560188999865204,17000.0,4600.0,12000.0,11000.0,energy_only
2028,106,12807225955.337568,230086874.99999997,49522.45559870923,104.28571428571429,54263898.79676504,0.0,3.637978807091713e-12,2.2737367544323206e-13,178.80952380952385,42406850488.86029,1229250000.0,0.0,0.15602250001393259,18250.0,6200.0,13750.0,13000.0,energy_only
2029,106,13341493188.522955,235839046.87499994,138722.95413722759,208.57142857142858,53352281.07633323,0.0,3.637978807091713e-12,2.2737367544323206e-13,254.28571428571436,61304257962.658455,1299500000.0,0.0,0.15372059994842857,16500.0,7800.0,15500.0,15000.0,energy_only
2030,106,11704419137.054274,241735023.04687494,0.0,0.0,50312022.91963837,0.0,3.637978807091713e-12,2.2737367544323206e-13,109.99999999999994,26954545308.543793,1444750000.0,0.0,0.1577821000246331,17750.0,9400.0,17250.0,17000.0,energy_only
2031,106,10982104448.58725,247778398.62304682,0.0,0.0,47496399.81815246,0.0,3.637978807091713e-12,2.2737367544323206e-13,103.39732555071885,26001445874.647102,1590000000.0,0.0,0.16425099992193282,19000.0,11000.0,19000.0,19000.0,energy_only
2026,106,38359286007.12114,219000000.00000003,4307382.136466298,2294.285714285715,54489275.12116338,0.0,3.637978807091713e-12,2.2737367544323206e-13,1788.0952380952378,404198493793.14526,1040000000.0,1539000000.0,0.16315739997662604,17000.0,3000.0,12000.0,9000.0,stylised_capacity_payment
2027,106,26448155348.91569,224475000.0,2230855.97340292,1564.2857142857142,56369462.36063866,0.0,3.637978807091713e-12,2.2737367544323206e-13,1301.4285714285716,308276337204.3718,1084000000.0,1659000000.0,0.16241140000056475,17000.0,4600.0,12000.0,11000.0,stylised_capacity_payment
2028,106,12807225955.337568,230086874.99999997,49522.45559870923,104.28571428571429,54263898.79676504,0.0,3.637978807091713e-12,2.2737367544323206e-13,178.80952380952385,42406850488.86029,1229250000.0,1883062500.0,0.15526749996934086,18250.0,6200.0,13750.0,13000.0,stylised_capacity_payment
2029,106,13341493188.522955,235839046.87499994,138722.95413722759,208.57142857142858,53352281.07633323,0.0,3.637978807091713e-12,2.2737367544323206e-13,254.28571428571436,61304257962.658455,1299500000.0,1904625000.0,0.17307419993449003,16500.0,7800.0,15500.0,15000.0,stylised_capacity_payment
2030,106,11704419137.054274,241735023.04687494,0.0,0.0,50312022.91963837,0.0,3.637978807091713e-12,2.2737367544323206e-13,109.99999999999994,26954545308.543793,1444750000.0,2128687500.0,0.1674697999842465,17750.0,9400.0,17250.0,17000.0,stylised_capacity_payment
2031,106,10982104448.58725,247778398.62304682,0.0,0.0,47496399.81815246,0.0,3.637978807091713e-12,2.2737367544323206e-13,103.39732555071885,26001445874.647102,1590000000.0,2352750000.0,0.161286799935624,19000.0,11000.0,19000.0,19000.0,stylised_capacity_payment
2026,107,38359286007.12114,219000000.00000003,4307382.136466298,2294.285714285715,54489275.12116338,0.0,3.637978807091713e-12,2.2737367544323206e-13,1788.0952380952378,404198493793.14526,1040000000.0,0.0,0.1801019998965785,17000.0,3000.0,12000.0,9000.0,energy_only
2027,107,26448155348.91569,224475000.0,2230855.97340292,1564.2857142857142,56369462.36063866,0.0,3.637978807091713e-12,2.2737367544323206e-13,1301.4285714285716,308276337204.3718,1084000000.0,0.0,0.16121659998316318,17000.0,4600.0,12000.0,11000.0,energy_only
2028,107,12807225955.337568,230086874.99999997,49522.45559870923,104.28571428571429,54263898.79676504,0.0,3.637978807091713e-12,2.2737367544323206e-13,178.80952380952385,42406850488.86029,1229250000.0,0.0,0.17638259998057038,18250.0,6200.0,13750.0,13000.0,energy_only
2029,107,13341493188.522955,235839046.87499994,138722.95413722759,208.57142857142858,53352281.07633323,0.0,3.637978807091713e-12,2.2737367544323206e-13,254.28571428571436,61304257962.658455,1299500000.0,0.0,0.2462170000653714,16500.0,7800.0,15500.0,15000.0,energy_only
2030,107,11704419137.054274,241735023.04687494,0.0,0.0,50312022.91963837,0.0,3.637978807091713e-12,2.2737367544323206e-13,109.99999999999994,26954545308.543793,1444750000.0,0.0,0.16415040008723736,17750.0,9400.0,17250.0,17000.0,energy_only
2031,107,10982104448.58725,247778398.62304682,0.0,0.0,47496399.81815246,0.0,3.637978807091713e-12,2.2737367544323206e-13,103.39732555071885,26001445874.647102,1590000000.0,0.0,0.16242670000065118,19000.0,11000.0,19000.0,19000.0,energy_only
2026,107,38359286007.12114,219000000.00000003,4307382.136466298,2294.285714285715,54489275.12116338,0.0,3.637978807091713e-12,2.2737367544323206e-13,1788.0952380952378,404198493793.14526,1040000000.0,1539000000.0,0.1691999000031501,17000.0,3000.0,12000.0,9000.0,stylised_capacity_payment
2027,107,26448155348.91569,224475000.0,2230855.97340292,1564.2857142857142,56369462.36063866,0.0,3.637978807091713e-12,2.2737367544323206e-13,1301.4285714285716,308276337204.3718,1084000000.0,1659000000.0,0.25946890003979206,17000.0,4600.0,12000.0,11000.0,stylised_capacity_payment
2028,107,12807225955.337568,230086874.99999997,49522.45559870923,104.28571428571429,54263898.79676504,0.0,3.637978807091713e-12,2.2737367544323206e-13,178.80952380952385,42406850488.86029,1229250000.0,1883062500.0,0.15811389998998493,18250.0,6200.0,13750.0,13000.0,stylised_capacity_payment
2029,107,13341493188.522955,235839046.87499994,138722.95413722759,208.57142857142858,53352281.07633323,0.0,3.637978807091713e-12,2.2737367544323206e-13,254.28571428571436,61304257962.658455,1299500000.0,1904625000.0,0.16918860003352165,16500.0,7800.0,15500.0,15000.0,stylised_capacity_payment
2030,107,11704419137.054274,241735023.04687494,0.0,0.0,50312022.91963837,0.0,3.637978807091713e-12,2.2737367544323206e-13,109.99999999999994,26954545308.543793,1444750000.0,2128687500.0,0.16065959993284196,17750.0,9400.0,17250.0,17000.0,stylised_capacity_payment
2031,107,10982104448.58725,247778398.62304682,0.0,0.0,47496399.81815246,0.0,3.637978807091713e-12,2.2737367544323206e-13,103.39732555071885,26001445874.647102,1590000000.0,2352750000.0,0.27844429994001985,19000.0,11000.0,19000.0,19000.0,stylised_capacity_payment
2026,108,38359286007.12114,219000000.00000003,4307382.136466298,2294.285714285715,54489275.12116338,0.0,3.637978807091713e-12,2.2737367544323206e-13,1788.0952380952378,404198493793.14526,1040000000.0,0.0,0.17652420001104474,17000.0,3000.0,12000.0,9000.0,energy_only
2027,108,26448155348.91569,224475000.0,2230855.97340292,1564.2857142857142,56369462.36063866,0.0,3.637978807091713e-12,2.2737367544323206e-13,1301.4285714285716,308276337204.3718,1084000000.0,0.0,0.16562069999054074,17000.0,4600.0,12000.0,11000.0,energy_only
2028,108,12807225955.337568,230086874.99999997,49522.45559870923,104.28571428571429,54263898.79676504,0.0,3.637978807091713e-12,2.2737367544323206e-13,178.80952380952385,42406850488.86029,1229250000.0,0.0,0.1664448999799788,18250.0,6200.0,13750.0,13000.0,energy_only
2029,108,13341493188.522955,235839046.87499994,138722.95413722759,208.57142857142858,53352281.07633323,0.0,3.637978807091713e-12,2.2737367544323206e-13,254.28571428571436,61304257962.658455,1299500000.0,0.0,0.16740549996029586,16500.0,7800.0,15500.0,15000.0,energy_only
2030,108,11704419137.054274,241735023.04687494,0.0,0.0,50312022.91963837,0.0,3.637978807091713e-12,2.2737367544323206e-13,109.99999999999994,26954545308.543793,1444750000.0,0.0,0.1711226999759674,17750.0,9400.0,17250.0,17000.0,energy_only
2031,108,10982104448.58725,247778398.62304682,0.0,0.0,47496399.81815246,0.0,3.637978807091713e-12,2.2737367544323206e-13,103.39732555071885,26001445874.647102,1590000000.0,0.0,0.16815439995843917,19000.0,11000.0,19000.0,19000.0,energy_only
2026,108,38359286007.12114,219000000.00000003,4307382.136466298,2294.285714285715,54489275.12116338,0.0,3.637978807091713e-12,2.2737367544323206e-13,1788.0952380952378,404198493793.14526,1040000000.0,1539000000.0,0.1855983000714332,17000.0,3000.0,12000.0,9000.0,stylised_capacity_payment
2027,108,26448155348.91569,224475000.0,2230855.97340292,1564.2857142857142,56369462.36063866,0.0,3.637978807091713e-12,2.2737367544323206e-13,1301.4285714285716,308276337204.3718,1084000000.0,1659000000.0,0.16975989995989949,17000.0,4600.0,12000.0,11000.0,stylised_capacity_payment
2028,108,12807225955.337568,230086874.99999997,49522.45559870923,104.28571428571429,54263898.79676504,0.0,3.637978807091713e-12,2.2737367544323206e-13,178.80952380952385,42406850488.86029,1229250000.0,1883062500.0,0.15838289994280785,18250.0,6200.0,13750.0,13000.0,stylised_capacity_payment
2029,108,13341493188.522955,235839046.87499994,138722.95413722759,208.57142857142858,53352281.07633323,0.0,3.637978807091713e-12,2.2737367544323206e-13,254.28571428571436,61304257962.658455,1299500000.0,1904625000.0,0.16933330008760095,16500.0,7800.0,15500.0,15000.0,stylised_capacity_payment
2030,108,11704419137.054274,241735023.04687494,0.0,0.0,50312022.91963837,0.0,3.637978807091713e-12,2.2737367544323206e-13,109.99999999999994,26954545308.543793,1444750000.0,2128687500.0,0.1670280999969691,17750.0,9400.0,17250.0,17000.0,stylised_capacity_payment
2031,108,10982104448.58725,247778398.62304682,0.0,0.0,47496399.81815246,0.0,3.637978807091713e-12,2.2737367544323206e-13,103.39732555071885,26001445874.647102,1590000000.0,2352750000.0,0.16490350000094622,19000.0,11000.0,19000.0,19000.0,stylised_capacity_payment
2026,109,38359286007.12114,219000000.00000003,4307382.136466298,2294.285714285715,54489275.12116338,0.0,3.637978807091713e-12,2.2737367544323206e-13,1788.0952380952378,404198493793.14526,1040000000.0,0.0,0.1669457999523729,17000.0,3000.0,12000.0,9000.0,energy_only
2027,109,26448155348.91569,224475000.0,2230855.97340292,1564.2857142857142,56369462.36063866,0.0,3.637978807091713e-12,2.2737367544323206e-13,1301.4285714285716,308276337204.3718,1084000000.0,0.0,0.1600012999260798,17000.0,4600.0,12000.0,11000.0,energy_only
2028,109,12807225955.337568,230086874.99999997,49522.45559870923,104.28571428571429,54263898.79676504,0.0,3.637978807091713e-12,2.2737367544323206e-13,178.80952380952385,42406850488.86029,1229250000.0,0.0,0.2531066000228748,18250.0,6200.0,13750.0,13000.0,energy_only
2029,109,13341493188.522955,235839046.87499994,138722.95413722759,208.57142857142858,53352281.07633323,0.0,3.637978807091713e-12,2.2737367544323206e-13,254.28571428571436,61304257962.658455,1299500000.0,0.0,0.17133280006237328,16500.0,7800.0,15500.0,15000.0,energy_only
2030,109,11704419137.054274,241735023.04687494,0.0,0.0,50312022.91963837,0.0,3.637978807091713e-12,2.2737367544323206e-13,109.99999999999994,26954545308.543793,1444750000.0,0.0,0.1742472000187263,17750.0,9400.0,17250.0,17000.0,energy_only
2031,109,10982104448.58725,247778398.62304682,0.0,0.0,47496399.81815246,0.0,3.637978807091713e-12,2.2737367544323206e-13,103.39732555071885,26001445874.647102,1590000000.0,0.0,0.17323850002139807,19000.0,11000.0,19000.0,19000.0,energy_only
2026,109,38359286007.12114,219000000.00000003,4307382.136466298,2294.285714285715,54489275.12116338,0.0,3.637978807091713e-12,2.2737367544323206e-13,1788.0952380952378,404198493793.14526,1040000000.0,1539000000.0,0.28058359993156046,17000.0,3000.0,12000.0,9000.0,stylised_capacity_payment
2027,109,26448155348.91569,224475000.0,2230855.97340292,1564.2857142857142,56369462.36063866,0.0,3.637978807091713e-12,2.2737367544323206e-13,1301.4285714285716,308276337204.3718,1084000000.0,1659000000.0,0.16204490000382066,17000.0,4600.0,12000.0,11000.0,stylised_capacity_payment
2028,109,12807225955.337568,230086874.99999997,49522.45559870923,104.28571428571429,54263898.79676504,0.0,3.637978807091713e-12,2.2737367544323206e-13,178.80952380952385,42406850488.86029,1229250000.0,1883062500.0,0.15967039996758103,18250.0,6200.0,13750.0,13000.0,stylised_capacity_payment
2029,109,13341493188.522955,235839046.87499994,138722.95413722759,208.57142857142858,53352281.07633323,0.0,3.637978807091713e-12,2.2737367544323206e-13,254.28571428571436,61304257962.658455,1299500000.0,1904625000.0,0.15932510001584888,16500.0,7800.0,15500.0,15000.0,stylised_capacity_payment
2030,109,11704419137.054274,241735023.04687494,0.0,0.0,50312022.91963837,0.0,3.637978807091713e-12,2.2737367544323206e-13,109.99999999999994,26954545308.543793,1444750000.0,2128687500.0,0.15428100002463907,17750.0,9400.0,17250.0,17000.0,stylised_capacity_payment
2031,109,10982104448.58725,247778398.62304682,0.0,0.0,47496399.81815246,0.0,3.637978807091713e-12,2.2737367544323206e-13,103.39732555071885,26001445874.647102,1590000000.0,2352750000.0,0.15512070001568645,19000.0,11000.0,19000.0,19000.0,stylised_capacity_payment
2026,110,38359286007.12114,219000000.00000003,4307382.136466298,2294.285714285715,54489275.12116338,0.0,3.637978807091713e-12,2.2737367544323206e-13,1788.0952380952378,404198493793.14526,1040000000.0,0.0,0.16420040000230074,17000.0,3000.0,12000.0,9000.0,energy_only
2027,110,26448155348.91569,224475000.0,2230855.97340292,1564.2857142857142,56369462.36063866,0.0,3.637978807091713e-12,2.2737367544323206e-13,1301.4285714285716,308276337204.3718,1084000000.0,0.0,0.1640940000070259,17000.0,4600.0,12000.0,11000.0,energy_only
2028,110,12807225955.337568,230086874.99999997,49522.45559870923,104.28571428571429,54263898.79676504,0.0,3.637978807091713e-12,2.2737367544323206e-13,178.80952380952385,42406850488.86029,1229250000.0,0.0,0.15797940001357347,18250.0,6200.0,13750.0,13000.0,energy_only
2029,110,13341493188.522955,235839046.87499994,138722.95413722759,208.57142857142858,53352281.07633323,0.0,3.637978807091713e-12,2.2737367544323206e-13,254.28571428571436,61304257962.658455,1299500000.0,0.0,0.182082699961029,16500.0,7800.0,15500.0,15000.0,energy_only
2030,110,11704419137.054274,241735023.04687494,0.0,0.0,50312022.91963837,0.0,3.637978807091713e-12,2.2737367544323206e-13,109.99999999999994,26954545308.543793,1444750000.0,0.0,0.20213540003169328,17750.0,9400.0,17250.0,17000.0,energy_only
2031,110,10982104448.58725,247778398.62304682,0.0,0.0,47496399.81815246,0.0,3.637978807091713e-12,2.2737367544323206e-13,103.39732555071885,26001445874.647102,1590000000.0,0.0,0.17186330002732575,19000.0,11000.0,19000.0,19000.0,energy_only
2026,110,38359286007.12114,219000000.00000003,4307382.136466298,2294.285714285715,54489275.12116338,0.0,3.637978807091713e-12,2.2737367544323206e-13,1788.0952380952378,404198493793.14526,1040000000.0,1539000000.0,0.18385949998628348,17000.0,3000.0,12000.0,9000.0,stylised_capacity_payment
2027,110,26448155348.91569,224475000.0,2230855.97340292,1564.2857142857142,56369462.36063866,0.0,3.637978807091713e-12,2.2737367544323206e-13,1301.4285714285716,308276337204.3718,1084000000.0,1659000000.0,0.19025099999271333,17000.0,4600.0,12000.0,11000.0,stylised_capacity_payment
2028,110,12807225955.337568,230086874.99999997,49522.45559870923,104.28571428571429,54263898.79676504,0.0,3.637978807091713e-12,2.2737367544323206e-13,178.80952380952385,42406850488.86029,1229250000.0,1883062500.0,0.19476500002201647,18250.0,6200.0,13750.0,13000.0,stylised_capacity_payment
2029,110,13341493188.522955,235839046.87499994,138722.95413722759,208.57142857142858,53352281.07633323,0.0,3.637978807091713e-12,2.2737367544323206e-13,254.28571428571436,61304257962.658455,1299500000.0,1904625000.0,0.2886559999315068,16500.0,7800.0,15500.0,15000.0,stylised_capacity_payment
2030,110,11704419137.054274,241735023.04687494,0.0,0.0,50312022.91963837,0.0,3.637978807091713e-12,2.2737367544323206e-13,109.99999999999994,26954545308.543793,1444750000.0,2128687500.0,0.19257820001803339,17750.0,9400.0,17250.0,17000.0,stylised_capacity_payment
2031,110,10982104448.58725,247778398.62304682,0.0,0.0,47496399.81815246,0.0,3.637978807091713e-12,2.2737367544323206e-13,103.39732555071885,26001445874.647102,1590000000.0,2352750000.0,0.17971339996438473,19000.0,11000.0,19000.0,19000.0,stylised_capacity_payment
2026,111,38359286007.12114,219000000.00000003,4307382.136466298,2294.285714285715,54489275.12116338,0.0,3.637978807091713e-12,2.2737367544323206e-13,1788.0952380952378,404198493793.14526,1040000000.0,0.0,0.20405489997938275,17000.0,3000.0,12000.0,9000.0,energy_only
2027,111,26448155348.91569,224475000.0,2230855.97340292,1564.2857142857142,56369462.36063866,0.0,3.637978807091713e-12,2.2737367544323206e-13,1301.4285714285716,308276337204.3718,1084000000.0,0.0,0.3123755999840796,17000.0,4600.0,12000.0,11000.0,energy_only
2028,111,12807225955.337568,230086874.99999997,49522.45559870923,104.28571428571429,54263898.79676504,0.0,3.637978807091713e-12,2.2737367544323206e-13,178.80952380952385,42406850488.86029,1229250000.0,0.0,0.1793941999785602,18250.0,6200.0,13750.0,13000.0,energy_only
2029,111,13341493188.522955,235839046.87499994,138722.95413722759,208.57142857142858,53352281.07633323,0.0,3.637978807091713e-12,2.2737367544323206e-13,254.28571428571436,61304257962.658455,1299500000.0,0.0,0.16122759995050728,16500.0,7800.0,15500.0,15000.0,energy_only
2030,111,11704419137.054274,241735023.04687494,0.0,0.0,50312022.91963837,0.0,3.637978807091713e-12,2.2737367544323206e-13,109.99999999999994,26954545308.543793,1444750000.0,0.0,0.19460769998840988,17750.0,9400.0,17250.0,17000.0,energy_only
2031,111,10982104448.58725,247778398.62304682,0.0,0.0,47496399.81815246,0.0,3.637978807091713e-12,2.2737367544323206e-13,103.39732555071885,26001445874.647102,1590000000.0,0.0,0.3162018000148237,19000.0,11000.0,19000.0,19000.0,energy_only
2026,111,38359286007.12114,219000000.00000003,4307382.136466298,2294.285714285715,54489275.12116338,0.0,3.637978807091713e-12,2.2737367544323206e-13,1788.0952380952378,404198493793.14526,1040000000.0,1539000000.0,0.19623160001356155,17000.0,3000.0,12000.0,9000.0,stylised_capacity_payment
2027,111,26448155348.91569,224475000.0,2230855.97340292,1564.2857142857142,56369462.36063866,0.0,3.637978807091713e-12,2.2737367544323206e-13,1301.4285714285716,308276337204.3718,1084000000.0,1659000000.0,0.1718664999352768,17000.0,4600.0,12000.0,11000.0,stylised_capacity_payment
2028,111,12807225955.337568,230086874.99999997,49522.45559870923,104.28571428571429,54263898.79676504,0.0,3.637978807091713e-12,2.2737367544323206e-13,178.80952380952385,42406850488.86029,1229250000.0,1883062500.0,0.16475230001378804,18250.0,6200.0,13750.0,13000.0,stylised_capacity_payment
2029,111,13341493188.522955,235839046.87499994,138722.95413722759,208.57142857142858,53352281.07633323,0.0,3.637978807091713e-12,2.2737367544323206e-13,254.28571428571436,61304257962.658455,1299500000.0,1904625000.0,0.15946220001205802,16500.0,7800.0,15500.0,15000.0,stylised_capacity_payment
2030,111,11704419137.054274,241735023.04687494,0.0,0.0,50312022.91963837,0.0,3.637978807091713e-12,2.2737367544323206e-13,109.99999999999994,26954545308.543793,1444750000.0,2128687500.0,0.1628406000090763,17750.0,9400.0,17250.0,17000.0,stylised_capacity_payment
2031,111,10982104448.58725,247778398.62304682,0.0,0.0,47496399.81815246,0.0,3.637978807091713e-12,2.2737367544323206e-13,103.39732555071885,26001445874.647102,1590000000.0,2352750000.0,0.1709872999927029,19000.0,11000.0,19000.0,19000.0,stylised_capacity_payment
2026,112,38359286007.12114,219000000.00000003,4307382.136466298,2294.285714285715,54489275.12116338,0.0,3.637978807091713e-12,2.2737367544323206e-13,1788.0952380952378,404198493793.14526,1040000000.0,0.0,0.16218900005333126,17000.0,3000.0,12000.0,9000.0,energy_only
2027,112,26448155348.91569,224475000.0,2230855.97340292,1564.2857142857142,56369462.36063866,0.0,3.637978807091713e-12,2.2737367544323206e-13,1301.4285714285716,308276337204.3718,1084000000.0,0.0,0.16010820004157722,17000.0,4600.0,12000.0,11000.0,energy_only
2028,112,12807225955.337568,230086874.99999997,49522.45559870923,104.28571428571429,54263898.79676504,0.0,3.637978807091713e-12,2.2737367544323206e-13,178.80952380952385,42406850488.86029,1229250000.0,0.0,0.20136009994894266,18250.0,6200.0,13750.0,13000.0,energy_only
2029,112,13341493188.522955,235839046.87499994,138722.95413722759,208.57142857142858,53352281.07633323,0.0,3.637978807091713e-12,2.2737367544323206e-13,254.28571428571436,61304257962.658455,1299500000.0,0.0,0.15672949992585927,16500.0,7800.0,15500.0,15000.0,energy_only
2030,112,11704419137.054274,241735023.04687494,0.0,0.0,50312022.91963837,0.0,3.637978807091713e-12,2.2737367544323206e-13,109.99999999999994,26954545308.543793,1444750000.0,0.0,0.16130070004146546,17750.0,9400.0,17250.0,17000.0,energy_only
2031,112,10982104448.58725,247778398.62304682,0.0,0.0,47496399.81815246,0.0,3.637978807091713e-12,2.2737367544323206e-13,103.39732555071885,26001445874.647102,1590000000.0,0.0,0.16305780003312975,19000.0,11000.0,19000.0,19000.0,energy_only
2026,112,38359286007.12114,219000000.00000003,4307382.136466298,2294.285714285715,54489275.12116338,0.0,3.637978807091713e-12,2.2737367544323206e-13,1788.0952380952378,404198493793.14526,1040000000.0,1539000000.0,0.15798789996188134,17000.0,3000.0,12000.0,9000.0,stylised_capacity_payment
2027,112,26448155348.91569,224475000.0,2230855.97340292,1564.2857142857142,56369462.36063866,0.0,3.637978807091713e-12,2.2737367544323206e-13,1301.4285714285716,308276337204.3718,1084000000.0,1659000000.0,0.1639012999366969,17000.0,4600.0,12000.0,11000.0,stylised_capacity_payment
2028,112,12807225955.337568,230086874.99999997,49522.45559870923,104.28571428571429,54263898.79676504,0.0,3.637978807091713e-12,2.2737367544323206e-13,178.80952380952385,42406850488.86029,1229250000.0,1883062500.0,0.2596798000158742,18250.0,6200.0,13750.0,13000.0,stylised_capacity_payment
2029,112,13341493188.522955,235839046.87499994,138722.95413722759,208.57142857142858,53352281.07633323,0.0,3.637978807091713e-12,2.2737367544323206e-13,254.28571428571436,61304257962.658455,1299500000.0,1904625000.0,0.16757519997190684,16500.0,7800.0,15500.0,15000.0,stylised_capacity_payment
2030,112,11704419137.054274,241735023.04687494,0.0,0.0,50312022.91963837,0.0,3.637978807091713e-12,2.2737367544323206e-13,109.99999999999994,26954545308.543793,1444750000.0,2128687500.0,0.1577932999935001,17750.0,9400.0,17250.0,17000.0,stylised_capacity_payment
2031,112,10982104448.58725,247778398.62304682,0.0,0.0,47496399.81815246,0.0,3.637978807091713e-12,2.2737367544323206e-13,103.39732555071885,26001445874.647102,1590000000.0,2352750000.0,0.1791973999934271,19000.0,11000.0,19000.0,19000.0,stylised_capacity_payment
2026,113,38359286007.12114,219000000.00000003,4307382.136466298,2294.285714285715,54489275.12116338,0.0,3.637978807091713e-12,2.2737367544323206e-13,1788.0952380952378,404198493793.14526,1040000000.0,0.0,0.2649200999876484,17000.0,3000.0,12000.0,9000.0,energy_only
2027,113,26448155348.91569,224475000.0,2230855.97340292,1564.2857142857142,56369462.36063866,0.0,3.637978807091713e-12,2.2737367544323206e-13,1301.4285714285716,308276337204.3718,1084000000.0,0.0,0.17136739997658879,17000.0,4600.0,12000.0,11000.0,energy_only
2028,113,12807225955.337568,230086874.99999997,49522.45559870923,104.28571428571429,54263898.79676504,0.0,3.637978807091713e-12,2.2737367544323206e-13,178.80952380952385,42406850488.86029,1229250000.0,0.0,0.1552400999935344,18250.0,6200.0,13750.0,13000.0,energy_only
2029,113,13341493188.522955,235839046.87499994,138722.95413722759,208.57142857142858,53352281.07633323,0.0,3.637978807091713e-12,2.2737367544323206e-13,254.28571428571436,61304257962.658455,1299500000.0,0.0,0.17300930002238601,16500.0,7800.0,15500.0,15000.0,energy_only
2030,113,11704419137.054274,241735023.04687494,0.0,0.0,50312022.91963837,0.0,3.637978807091713e-12,2.2737367544323206e-13,109.99999999999994,26954545308.543793,1444750000.0,0.0,0.17260890000034124,17750.0,9400.0,17250.0,17000.0,energy_only
2031,113,10982104448.58725,247778398.62304682,0.0,0.0,47496399.81815246,0.0,3.637978807091713e-12,2.2737367544323206e-13,103.39732555071885,26001445874.647102,1590000000.0,0.0,0.16037479997612536,19000.0,11000.0,19000.0,19000.0,energy_only
2026,113,38359286007.12114,219000000.00000003,4307382.136466298,2294.285714285715,54489275.12116338,0.0,3.637978807091713e-12,2.2737367544323206e-13,1788.0952380952378,404198493793.14526,1040000000.0,1539000000.0,0.16412900004070252,17000.0,3000.0,12000.0,9000.0,stylised_capacity_payment
2027,113,26448155348.91569,224475000.0,2230855.97340292,1564.2857142857142,56369462.36063866,0.0,3.637978807091713e-12,2.2737367544323206e-13,1301.4285714285716,308276337204.3718,1084000000.0,1659000000.0,0.16952730005141348,17000.0,4600.0,12000.0,11000.0,stylised_capacity_payment
2028,113,12807225955.337568,230086874.99999997,49522.45559870923,104.28571428571429,54263898.79676504,0.0,3.637978807091713e-12,2.2737367544323206e-13,178.80952380952385,42406850488.86029,1229250000.0,1883062500.0,0.16392459999769926,18250.0,6200.0,13750.0,13000.0,stylised_capacity_payment
2029,113,13341493188.522955,235839046.87499994,138722.95413722759,208.57142857142858,53352281.07633323,0.0,3.637978807091713e-12,2.2737367544323206e-13,254.28571428571436,61304257962.658455,1299500000.0,1904625000.0,0.1653996000532061,16500.0,7800.0,15500.0,15000.0,stylised_capacity_payment
2030,113,11704419137.054274,241735023.04687494,0.0,0.0,50312022.91963837,0.0,3.637978807091713e-12,2.2737367544323206e-13,109.99999999999994,26954545308.543793,1444750000.0,2128687500.0,0.15687349997460842,17750.0,9400.0,17250.0,17000.0,stylised_capacity_payment
2031,113,10982104448.58725,247778398.62304682,0.0,0.0,47496399.81815246,0.0,3.637978807091713e-12,2.2737367544323206e-13,103.39732555071885,26001445874.647102,1590000000.0,2352750000.0,0.1582935000769794,19000.0,11000.0,19000.0,19000.0,stylised_capacity_payment
2026,114,38359286007.12114,219000000.00000003,4307382.136466298,2294.285714285715,54489275.12116338,0.0,3.637978807091713e-12,2.2737367544323206e-13,1788.0952380952378,404198493793.14526,1040000000.0,0.0,0.15997230005450547,17000.0,3000.0,12000.0,9000.0,energy_only
2027,114,26448155348.91569,224475000.0,2230855.97340292,1564.2857142857142,56369462.36063866,0.0,3.637978807091713e-12,2.2737367544323206e-13,1301.4285714285716,308276337204.3718,1084000000.0,0.0,0.15886590001173317,17000.0,4600.0,12000.0,11000.0,energy_only
2028,114,12807225955.337568,230086874.99999997,49522.45559870923,104.28571428571429,54263898.79676504,0.0,3.637978807091713e-12,2.2737367544323206e-13,178.80952380952385,42406850488.86029,1229250000.0,0.0,0.16208690009079874,18250.0,6200.0,13750.0,13000.0,energy_only
2029,114,13341493188.522955,235839046.87499994,138722.95413722759,208.57142857142858,53352281.07633323,0.0,3.637978807091713e-12,2.2737367544323206e-13,254.28571428571436,61304257962.658455,1299500000.0,0.0,0.26706879993434995,16500.0,7800.0,15500.0,15000.0,energy_only
2030,114,11704419137.054274,241735023.04687494,0.0,0.0,50312022.91963837,0.0,3.637978807091713e-12,2.2737367544323206e-13,109.99999999999994,26954545308.543793,1444750000.0,0.0,0.1628824999788776,17750.0,9400.0,17250.0,17000.0,energy_only
2031,114,10982104448.58725,247778398.62304682,0.0,0.0,47496399.81815246,0.0,3.637978807091713e-12,2.2737367544323206e-13,103.39732555071885,26001445874.647102,1590000000.0,0.0,0.18602140003349632,19000.0,11000.0,19000.0,19000.0,energy_only
2026,114,38359286007.12114,219000000.00000003,4307382.136466298,2294.285714285715,54489275.12116338,0.0,3.637978807091713e-12,2.2737367544323206e-13,1788.0952380952378,404198493793.14526,1040000000.0,1539000000.0,0.17420730006415397,17000.0,3000.0,12000.0,9000.0,stylised_capacity_payment
2027,114,26448155348.91569,224475000.0,2230855.97340292,1564.2857142857142,56369462.36063866,0.0,3.637978807091713e-12,2.2737367544323206e-13,1301.4285714285716,308276337204.3718,1084000000.0,1659000000.0,0.2694589999737218,17000.0,4600.0,12000.0,11000.0,stylised_capacity_payment
2028,114,12807225955.337568,230086874.99999997,49522.45559870923,104.28571428571429,54263898.79676504,0.0,3.637978807091713e-12,2.2737367544323206e-13,178.80952380952385,42406850488.86029,1229250000.0,1883062500.0,0.1733591000083834,18250.0,6200.0,13750.0,13000.0,stylised_capacity_payment
2029,114,13341493188.522955,235839046.87499994,138722.95413722759,208.57142857142858,53352281.07633323,0.0,3.637978807091713e-12,2.2737367544323206e-13,254.28571428571436,61304257962.658455,1299500000.0,1904625000.0,0.16049150004982948,16500.0,7800.0,15500.0,15000.0,stylised_capacity_payment
2030,114,11704419137.054274,241735023.04687494,0.0,0.0,50312022.91963837,0.0,3.637978807091713e-12,2.2737367544323206e-13,109.99999999999994,26954545308.543793,1444750000.0,2128687500.0,0.15825840004254133,17750.0,9400.0,17250.0,17000.0,stylised_capacity_payment
2031,114,10982104448.58725,247778398.62304682,0.0,0.0,47496399.81815246,0.0,3.637978807091713e-12,2.2737367544323206e-13,103.39732555071885,26001445874.647102,1590000000.0,2352750000.0,0.2724721999838948,19000.0,11000.0,19000.0,19000.0,stylised_capacity_payment
2026,115,38359286007.12114,219000000.00000003,4307382.136466298,2294.285714285715,54489275.12116338,0.0,3.637978807091713e-12,2.2737367544323206e-13,1788.0952380952378,404198493793.14526,1040000000.0,0.0,0.17544649995397776,17000.0,3000.0,12000.0,9000.0,energy_only
2027,115,26448155348.91569,224475000.0,2230855.97340292,1564.2857142857142,56369462.36063866,0.0,3.637978807091713e-12,2.2737367544323206e-13,1301.4285714285716,308276337204.3718,1084000000.0,0.0,0.1699934999924153,17000.0,4600.0,12000.0,11000.0,energy_only
2028,115,12807225955.337568,230086874.99999997,49522.45559870923,104.28571428571429,54263898.79676504,0.0,3.637978807091713e-12,2.2737367544323206e-13,178.80952380952385,42406850488.86029,1229250000.0,0.0,0.17627010005526245,18250.0,6200.0,13750.0,13000.0,energy_only
2029,115,13341493188.522955,235839046.87499994,138722.95413722759,208.57142857142858,53352281.07633323,0.0,3.637978807091713e-12,2.2737367544323206e-13,254.28571428571436,61304257962.658455,1299500000.0,0.0,0.1643180000828579,16500.0,7800.0,15500.0,15000.0,energy_only
2030,115,11704419137.054274,241735023.04687494,0.0,0.0,50312022.91963837,0.0,3.637978807091713e-12,2.2737367544323206e-13,109.99999999999994,26954545308.543793,1444750000.0,0.0,0.16930099995806813,17750.0,9400.0,17250.0,17000.0,energy_only
2031,115,10982104448.58725,247778398.62304682,0.0,0.0,47496399.81815246,0.0,3.637978807091713e-12,2.2737367544323206e-13,103.39732555071885,26001445874.647102,1590000000.0,0.0,0.17014970001764596,19000.0,11000.0,19000.0,19000.0,energy_only
2026,115,38359286007.12114,219000000.00000003,4307382.136466298,2294.285714285715,54489275.12116338,0.0,3.637978807091713e-12,2.2737367544323206e-13,1788.0952380952378,404198493793.14526,1040000000.0,1539000000.0,0.20875400002114475,17000.0,3000.0,12000.0,9000.0,stylised_capacity_payment
2027,115,26448155348.91569,224475000.0,2230855.97340292,1564.2857142857142,56369462.36063866,0.0,3.637978807091713e-12,2.2737367544323206e-13,1301.4285714285716,308276337204.3718,1084000000.0,1659000000.0,0.1590838999254629,17000.0,4600.0,12000.0,11000.0,stylised_capacity_payment
2028,115,12807225955.337568,230086874.99999997,49522.45559870923,104.28571428571429,54263898.79676504,0.0,3.637978807091713e-12,2.2737367544323206e-13,178.80952380952385,42406850488.86029,1229250000.0,1883062500.0,0.16096410003956407,18250.0,6200.0,13750.0,13000.0,stylised_capacity_payment
2029,115,13341493188.522955,235839046.87499994,138722.95413722759,208.57142857142858,53352281.07633323,0.0,3.637978807091713e-12,2.2737367544323206e-13,254.28571428571436,61304257962.658455,1299500000.0,1904625000.0,0.17712879995815456,16500.0,7800.0,15500.0,15000.0,stylised_capacity_payment
2030,115,11704419137.054274,241735023.04687494,0.0,0.0,50312022.91963837,0.0,3.637978807091713e-12,2.2737367544323206e-13,109.99999999999994,26954545308.543793,1444750000.0,2128687500.0,0.16524220001883805,17750.0,9400.0,17250.0,17000.0,stylised_capacity_payment
2031,115,10982104448.58725,247778398.62304682,0.0,0.0,47496399.81815246,0.0,3.637978807091713e-12,2.2737367544323206e-13,103.39732555071885,26001445874.647102,1590000000.0,2352750000.0,0.15722110006026924,19000.0,11000.0,19000.0,19000.0,stylised_capacity_payment
2026,116,38359286007.12114,219000000.00000003,4307382.136466298,2294.285714285715,54489275.12116338,0.0,3.637978807091713e-12,2.2737367544323206e-13,1788.0952380952378,404198493793.14526,1040000000.0,0.0,0.17395299999043345,17000.0,3000.0,12000.0,9000.0,energy_only
2027,116,26448155348.91569,224475000.0,2230855.97340292,1564.2857142857142,56369462.36063866,0.0,3.637978807091713e-12,2.2737367544323206e-13,1301.4285714285716,308276337204.3718,1084000000.0,0.0,0.16610930010210723,17000.0,4600.0,12000.0,11000.0,energy_only
2028,116,12807225955.337568,230086874.99999997,49522.45559870923,104.28571428571429,54263898.79676504,0.0,3.637978807091713e-12,2.2737367544323206e-13,178.80952380952385,42406850488.86029,1229250000.0,0.0,0.251496099983342,18250.0,6200.0,13750.0,13000.0,energy_only
2029,116,13341493188.522955,235839046.87499994,138722.95413722759,208.57142857142858,53352281.07633323,0.0,3.637978807091713e-12,2.2737367544323206e-13,254.28571428571436,61304257962.658455,1299500000.0,0.0,0.1605136999860406,16500.0,7800.0,15500.0,15000.0,energy_only
2030,116,11704419137.054274,241735023.04687494,0.0,0.0,50312022.91963837,0.0,3.637978807091713e-12,2.2737367544323206e-13,109.99999999999994,26954545308.543793,1444750000.0,0.0,0.16076369991060346,17750.0,9400.0,17250.0,17000.0,energy_only
2031,116,10982104448.58725,247778398.62304682,0.0,0.0,47496399.81815246,0.0,3.637978807091713e-12,2.2737367544323206e-13,103.39732555071885,26001445874.647102,1590000000.0,0.0,0.16316600004211068,19000.0,11000.0,19000.0,19000.0,energy_only
2026,116,38359286007.12114,219000000.00000003,4307382.136466298,2294.285714285715,54489275.12116338,0.0,3.637978807091713e-12,2.2737367544323206e-13,1788.0952380952378,404198493793.14526,1040000000.0,1539000000.0,0.2680586000205949,17000.0,3000.0,12000.0,9000.0,stylised_capacity_payment
2027,116,26448155348.91569,224475000.0,2230855.97340292,1564.2857142857142,56369462.36063866,0.0,3.637978807091713e-12,2.2737367544323206e-13,1301.4285714285716,308276337204.3718,1084000000.0,1659000000.0,0.1582579999230802,17000.0,4600.0,12000.0,11000.0,stylised_capacity_payment
2028,116,12807225955.337568,230086874.99999997,49522.45559870923,104.28571428571429,54263898.79676504,0.0,3.637978807091713e-12,2.2737367544323206e-13,178.80952380952385,42406850488.86029,1229250000.0,1883062500.0,0.1632820999948308,18250.0,6200.0,13750.0,13000.0,stylised_capacity_payment
2029,116,13341493188.522955,235839046.87499994,138722.95413722759,208.57142857142858,53352281.07633323,0.0,3.637978807091713e-12,2.2737367544323206e-13,254.28571428571436,61304257962.658455,1299500000.0,1904625000.0,0.16424519999418408,16500.0,7800.0,15500.0,15000.0,stylised_capacity_payment
2030,116,11704419137.054274,241735023.04687494,0.0,0.0,50312022.91963837,0.0,3.637978807091713e-12,2.2737367544323206e-13,109.99999999999994,26954545308.543793,1444750000.0,2128687500.0,0.15715960005763918,17750.0,9400.0,17250.0,17000.0,stylised_capacity_payment
2031,116,10982104448.58725,247778398.62304682,0.0,0.0,47496399.81815246,0.0,3.637978807091713e-12,2.2737367544323206e-13,103.39732555071885,26001445874.647102,1590000000.0,2352750000.0,0.15734610008075833,19000.0,11000.0,19000.0,19000.0,stylised_capacity_payment
2026,117,38359286007.12114,219000000.00000003,4307382.136466298,2294.285714285715,54489275.12116338,0.0,3.637978807091713e-12,2.2737367544323206e-13,1788.0952380952378,404198493793.14526,1040000000.0,0.0,0.16374350001569837,17000.0,3000.0,12000.0,9000.0,energy_only
2027,117,26448155348.91569,224475000.0,2230855.97340292,1564.2857142857142,56369462.36063866,0.0,3.637978807091713e-12,2.2737367544323206e-13,1301.4285714285716,308276337204.3718,1084000000.0,0.0,0.16907359997276217,17000.0,4600.0,12000.0,11000.0,energy_only
2028,117,12807225955.337568,230086874.99999997,49522.45559870923,104.28571428571429,54263898.79676504,0.0,3.637978807091713e-12,2.2737367544323206e-13,178.80952380952385,42406850488.86029,1229250000.0,0.0,0.16448190005030483,18250.0,6200.0,13750.0,13000.0,energy_only
2029,117,13341493188.522955,235839046.87499994,138722.95413722759,208.57142857142858,53352281.07633323,0.0,3.637978807091713e-12,2.2737367544323206e-13,254.28571428571436,61304257962.658455,1299500000.0,0.0,0.17062540003098547,16500.0,7800.0,15500.0,15000.0,energy_only
2030,117,11704419137.054274,241735023.04687494,0.0,0.0,50312022.91963837,0.0,3.637978807091713e-12,2.2737367544323206e-13,109.99999999999994,26954545308.543793,1444750000.0,0.0,0.1769023999804631,17750.0,9400.0,17250.0,17000.0,energy_only
2031,117,10982104448.58725,247778398.62304682,0.0,0.0,47496399.81815246,0.0,3.637978807091713e-12,2.2737367544323206e-13,103.39732555071885,26001445874.647102,1590000000.0,0.0,0.16717899998184294,19000.0,11000.0,19000.0,19000.0,energy_only
2026,117,38359286007.12114,219000000.00000003,4307382.136466298,2294.285714285715,54489275.12116338,0.0,3.637978807091713e-12,2.2737367544323206e-13,1788.0952380952378,404198493793.14526,1040000000.0,1539000000.0,0.15768120007123798,17000.0,3000.0,12000.0,9000.0,stylised_capacity_payment
2027,117,26448155348.91569,224475000.0,2230855.97340292,1564.2857142857142,56369462.36063866,0.0,3.637978807091713e-12,2.2737367544323206e-13,1301.4285714285716,308276337204.3718,1084000000.0,1659000000.0,0.16565219999756664,17000.0,4600.0,12000.0,11000.0,stylised_capacity_payment
2028,117,12807225955.337568,230086874.99999997,49522.45559870923,104.28571428571429,54263898.79676504,0.0,3.637978807091713e-12,2.2737367544323206e-13,178.80952380952385,42406850488.86029,1229250000.0,1883062500.0,0.165605999995023,18250.0,6200.0,13750.0,13000.0,stylised_capacity_payment
2029,117,13341493188.522955,235839046.87499994,138722.95413722759,208.57142857142858,53352281.07633323,0.0,3.637978807091713e-12,2.2737367544323206e-13,254.28571428571436,61304257962.658455,1299500000.0,1904625000.0,0.27871440001763403,16500.0,7800.0,15500.0,15000.0,stylised_capacity_payment
2030,117,11704419137.054274,241735023.04687494,0.0,0.0,50312022.91963837,0.0,3.637978807091713e-12,2.2737367544323206e-13,109.99999999999994,26954545308.543793,1444750000.0,2128687500.0,0.15678020007908344,17750.0,9400.0,17250.0,17000.0,stylised_capacity_payment
2031,117,10982104448.58725,247778398.62304682,0.0,0.0,47496399.81815246,0.0,3.637978807091713e-12,2.2737367544323206e-13,103.39732555071885,26001445874.647102,1590000000.0,2352750000.0,0.15935309999622405,19000.0,11000.0,19000.0,19000.0,stylised_capacity_payment
2026,118,38359286007.12114,219000000.00000003,4307382.136466298,2294.285714285715,54489275.12116338,0.0,3.637978807091713e-12,2.2737367544323206e-13,1788.0952380952378,404198493793.14526,1040000000.0,0.0,0.16633679997175932,17000.0,3000.0,12000.0,9000.0,energy_only
2027,118,26448155348.91569,224475000.0,2230855.97340292,1564.2857142857142,56369462.36063866,0.0,3.637978807091713e-12,2.2737367544323206e-13,1301.4285714285716,308276337204.3718,1084000000.0,0.0,0.2738944999873638,17000.0,4600.0,12000.0,11000.0,energy_only
2028,118,12807225955.337568,230086874.99999997,49522.45559870923,104.28571428571429,54263898.79676504,0.0,3.637978807091713e-12,2.2737367544323206e-13,178.80952380952385,42406850488.86029,1229250000.0,0.0,0.15891120000742376,18250.0,6200.0,13750.0,13000.0,energy_only
2029,118,13341493188.522955,235839046.87499994,138722.95413722759,208.57142857142858,53352281.07633323,0.0,3.637978807091713e-12,2.2737367544323206e-13,254.28571428571436,61304257962.658455,1299500000.0,0.0,0.16332129994407296,16500.0,7800.0,15500.0,15000.0,energy_only
2030,118,11704419137.054274,241735023.04687494,0.0,0.0,50312022.91963837,0.0,3.637978807091713e-12,2.2737367544323206e-13,109.99999999999994,26954545308.543793,1444750000.0,0.0,0.16347900009714067,17750.0,9400.0,17250.0,17000.0,energy_only
2031,118,10982104448.58725,247778398.62304682,0.0,0.0,47496399.81815246,0.0,3.637978807091713e-12,2.2737367544323206e-13,103.39732555071885,26001445874.647102,1590000000.0,0.0,0.2714796999935061,19000.0,11000.0,19000.0,19000.0,energy_only
2026,118,38359286007.12114,219000000.00000003,4307382.136466298,2294.285714285715,54489275.12116338,0.0,3.637978807091713e-12,2.2737367544323206e-13,1788.0952380952378,404198493793.14526,1040000000.0,1539000000.0,0.16822569991927594,17000.0,3000.0,12000.0,9000.0,stylised_capacity_payment
2027,118,26448155348.91569,224475000.0,2230855.97340292,1564.2857142857142,56369462.36063866,0.0,3.637978807091713e-12,2.2737367544323206e-13,1301.4285714285716,308276337204.3718,1084000000.0,1659000000.0,0.167873700032942,17000.0,4600.0,12000.0,11000.0,stylised_capacity_payment
2028,118,12807225955.337568,230086874.99999997,49522.45559870923,104.28571428571429,54263898.79676504,0.0,3.637978807091713e-12,2.2737367544323206e-13,178.80952380952385,42406850488.86029,1229250000.0,1883062500.0,0.16151929995976388,18250.0,6200.0,13750.0,13000.0,stylised_capacity_payment
2029,118,13341493188.522955,235839046.87499994,138722.95413722759,208.57142857142858,53352281.07633323,0.0,3.637978807091713e-12,2.2737367544323206e-13,254.28571428571436,61304257962.658455,1299500000.0,1904625000.0,0.163369300076738,16500.0,7800.0,15500.0,15000.0,stylised_capacity_payment
2030,118,11704419137.054274,241735023.04687494,0.0,0.0,50312022.91963837,0.0,3.637978807091713e-12,2.2737367544323206e-13,109.99999999999994,26954545308.543793,1444750000.0,2128687500.0,0.16749960009474307,17750.0,9400.0,17250.0,17000.0,stylised_capacity_payment
2031,118,10982104448.58725,247778398.62304682,0.0,0.0,47496399.81815246,0.0,3.637978807091713e-12,2.2737367544323206e-13,103.39732555071885,26001445874.647102,1590000000.0,2352750000.0,0.15923400002066046,19000.0,11000.0,19000.0,19000.0,stylised_capacity_payment
2026,119,38359286007.12114,219000000.00000003,4307382.136466298,2294.285714285715,54489275.12116338,0.0,3.637978807091713e-12,2.2737367544323206e-13,1788.0952380952378,404198493793.14526,1040000000.0,0.0,0.16115249996073544,17000.0,3000.0,12000.0,9000.0,energy_only
2027,119,26448155348.91569,224475000.0,2230855.97340292,1564.2857142857142,56369462.36063866,0.0,3.637978807091713e-12,2.2737367544323206e-13,1301.4285714285716,308276337204.3718,1084000000.0,0.0,0.16658059996552765,17000.0,4600.0,12000.0,11000.0,energy_only
2028,119,12807225955.337568,230086874.99999997,49522.45559870923,104.28571428571429,54263898.79676504,0.0,3.637978807091713e-12,2.2737367544323206e-13,178.80952380952385,42406850488.86029,1229250000.0,0.0,0.17110650008544326,18250.0,6200.0,13750.0,13000.0,energy_only
2029,119,13341493188.522955,235839046.87499994,138722.95413722759,208.57142857142858,53352281.07633323,0.0,3.637978807091713e-12,2.2737367544323206e-13,254.28571428571436,61304257962.658455,1299500000.0,0.0,0.16626689990516752,16500.0,7800.0,15500.0,15000.0,energy_only
2030,119,11704419137.054274,241735023.04687494,0.0,0.0,50312022.91963837,0.0,3.637978807091713e-12,2.2737367544323206e-13,109.99999999999994,26954545308.543793,1444750000.0,0.0,0.17394919996149838,17750.0,9400.0,17250.0,17000.0,energy_only
2031,119,10982104448.58725,247778398.62304682,0.0,0.0,47496399.81815246,0.0,3.637978807091713e-12,2.2737367544323206e-13,103.39732555071885,26001445874.647102,1590000000.0,0.0,0.18439139996189624,19000.0,11000.0,19000.0,19000.0,energy_only
2026,119,38359286007.12114,219000000.00000003,4307382.136466298,2294.285714285715,54489275.12116338,0.0,3.637978807091713e-12,2.2737367544323206e-13,1788.0952380952378,404198493793.14526,1040000000.0,1539000000.0,0.18494370009284467,17000.0,3000.0,12000.0,9000.0,stylised_capacity_payment
2027,119,26448155348.91569,224475000.0,2230855.97340292,1564.2857142857142,56369462.36063866,0.0,3.637978807091713e-12,2.2737367544323206e-13,1301.4285714285716,308276337204.3718,1084000000.0,1659000000.0,0.17583200009539723,17000.0,4600.0,12000.0,11000.0,stylised_capacity_payment
2028,119,12807225955.337568,230086874.99999997,49522.45559870923,104.28571428571429,54263898.79676504,0.0,3.637978807091713e-12,2.2737367544323206e-13,178.80952380952385,42406850488.86029,1229250000.0,1883062500.0,0.26862280000932515,18250.0,6200.0,13750.0,13000.0,stylised_capacity_payment
2029,119,13341493188.522955,235839046.87499994,138722.95413722759,208.57142857142858,53352281.07633323,0.0,3.637978807091713e-12,2.2737367544323206e-13,254.28571428571436,61304257962.658455,1299500000.0,1904625000.0,0.1571887000463903,16500.0,7800.0,15500.0,15000.0,stylised_capacity_payment
2030,119,11704419137.054274,241735023.04687494,0.0,0.0,50312022.91963837,0.0,3.637978807091713e-12,2.2737367544323206e-13,109.99999999999994,26954545308.543793,1444750000.0,2128687500.0,0.16191189992241561,17750.0,9400.0,17250.0,17000.0,stylised_capacity_payment
2031,119,10982104448.58725,247778398.62304682,0.0,0.0,47496399.81815246,0.0,3.637978807091713e-12,2.2737367544323206e-13,103.39732555071885,26001445874.647102,1590000000.0,2352750000.0,0.17075449996627867,19000.0,11000.0,19000.0,19000.0,stylised_capacity_payment
2026,120,38359286007.12114,219000000.00000003,4307382.136466298,2294.285714285715,54489275.12116338,0.0,3.637978807091713e-12,2.2737367544323206e-13,1788.0952380952378,404198493793.14526,1040000000.0,0.0,0.2672448999946937,17000.0,3000.0,12000.0,9000.0,energy_only
2027,120,26448155348.91569,224475000.0,2230855.97340292,1564.2857142857142,56369462.36063866,0.0,3.637978807091713e-12,2.2737367544323206e-13,1301.4285714285716,308276337204.3718,1084000000.0,0.0,0.16023750009480864,17000.0,4600.0,12000.0,11000.0,energy_only
2028,120,12807225955.337568,230086874.99999997,49522.45559870923,104.28571428571429,54263898.79676504,0.0,3.637978807091713e-12,2.2737367544323206e-13,178.80952380952385,42406850488.86029,1229250000.0,0.0,0.17619060003198683,18250.0,6200.0,13750.0,13000.0,energy_only
2029,120,13341493188.522955,235839046.87499994,138722.95413722759,208.57142857142858,53352281.07633323,0.0,3.637978807091713e-12,2.2737367544323206e-13,254.28571428571436,61304257962.658455,1299500000.0,0.0,0.16933479998260736,16500.0,7800.0,15500.0,15000.0,energy_only
2030,120,11704419137.054274,241735023.04687494,0.0,0.0,50312022.91963837,0.0,3.637978807091713e-12,2.2737367544323206e-13,109.99999999999994,26954545308.543793,1444750000.0,0.0,0.1681560999713838,17750.0,9400.0,17250.0,17000.0,energy_only
2031,120,10982104448.58725,247778398.62304682,0.0,0.0,47496399.81815246,0.0,3.637978807091713e-12,2.2737367544323206e-13,103.39732555071885,26001445874.647102,1590000000.0,0.0,0.16111990006174892,19000.0,11000.0,19000.0,19000.0,energy_only
2026,120,38359286007.12114,219000000.00000003,4307382.136466298,2294.285714285715,54489275.12116338,0.0,3.637978807091713e-12,2.2737367544323206e-13,1788.0952380952378,404198493793.14526,1040000000.0,1539000000.0,0.159238199936226,17000.0,3000.0,12000.0,9000.0,stylised_capacity_payment
2027,120,26448155348.91569,224475000.0,2230855.97340292,1564.2857142857142,56369462.36063866,0.0,3.637978807091713e-12,2.2737367544323206e-13,1301.4285714285716,308276337204.3718,1084000000.0,1659000000.0,0.15742809989023954,17000.0,4600.0,12000.0,11000.0,stylised_capacity_payment
2028,120,12807225955.337568,230086874.99999997,49522.45559870923,104.28571428571429,54263898.79676504,0.0,3.637978807091713e-12,2.2737367544323206e-13,178.80952380952385,42406850488.86029,1229250000.0,1883062500.0,0.17166209989227355,18250.0,6200.0,13750.0,13000.0,stylised_capacity_payment
2029,120,13341493188.522955,235839046.87499994,138722.95413722759,208.57142857142858,53352281.07633323,0.0,3.637978807091713e-12,2.2737367544323206e-13,254.28571428571436,61304257962.658455,1299500000.0,1904625000.0,0.1721400999231264,16500.0,7800.0,15500.0,15000.0,stylised_capacity_payment
2030,120,11704419137.054274,241735023.04687494,0.0,0.0,50312022.91963837,0.0,3.637978807091713e-12,2.2737367544323206e-13,109.99999999999994,26954545308.543793,1444750000.0,2128687500.0,0.1670410999795422,17750.0,9400.0,17250.0,17000.0,stylised_capacity_payment
2031,120,10982104448.58725,247778398.62304682,0.0,0.0,47496399.81815246,0.0,3.637978807091713e-12,2.2737367544323206e-13,103.39732555071885,26001445874.647102,1590000000.0,2352750000.0,0.17003729997668415,19000.0,11000.0,19000.0,19000.0,stylised_capacity_payment
